applicant_id,age,gender,income,loan_amount,credit_score,existing_loans,employment_years,education,self_employed,loan_term,loan_approved
APP00001,24,Female,42964,305600,674,2,6,Bachelor,No,12,0
APP00002,51,Female,90950,160300,650,0,5,Master,Yes,72,0
APP00003,47,Female,60942,164300,736,1,27,High School,No,60,1
APP00004,38,Female,52830,86500,663,3,1,Bachelor,No,36,0
APP00005,38,Male,57201,160800,659,2,7,Master,Yes,48,0
APP00006,55,Female,66337,89900,687,1,5,Bachelor,No,36,0
APP00007,24,Female,79195,65100,799,1,6,Master,No,24,1
APP00008,48,Female,38263,99100,586,3,0,Bachelor,No,36,0
APP00009,29,Female,37548,412700,734,1,0,High School,No,60,0
APP00010,24,Female,98637,155100,547,0,6,Bachelor,No,36,1
APP00011,42,Male,49839,203100,695,0,24,Bachelor,No,48,0
APP00012,60,Female,31714,135700,790,1,16,High School,No,60,0
APP00013,50,Male,73263,67200,714,0,13,High School,No,48,1
APP00014,51,Male,73911,301200,692,2,20,High School,No,24,0
APP00015,49,Female,30130,54500,641,1,17,Master,No,12,1
APP00016,52,Female,66527,132700,682,2,11,Master,No,12,1
APP00017,41,Male,83543,174700,662,5,18,Bachelor,No,48,0
APP00018,26,Male,71010,204300,625,2,0,High School,Yes,60,0
APP00019,54,Male,79737,120700,660,0,7,Bachelor,No,36,0
APP00020,39,Male,31894,65500,694,0,20,Master,No,72,0
APP00021,41,Male,69638,115900,626,3,10,Master,No,60,0
APP00022,35,Male,52361,119200,624,0,1,Bachelor,No,12,0
APP00023,28,Female,48283,117700,585,1,3,High School,No,12,0
APP00024,58,Female,88774,306900,707,5,26,Master,Yes,36,0
APP00025,52,Female,116748,92300,718,0,10,Master,No,24,1
APP00026,46,Male,134533,212400,696,0,0,High School,No,60,1
APP00027,37,Male,108420,196400,748,1,19,Master,No,12,1
APP00028,53,Male,57109,305300,686,0,16,High School,No,72,0
APP00029,42,Female,70321,167300,707,1,13,High School,No,60,1
APP00030,38,Male,84725,278100,701,4,20,Master,Yes,60,0
APP00031,39,Male,63363,163700,674,1,9,Bachelor,No,72,0
APP00032,30,Male,63637,228600,643,1,12,Bachelor,No,60,0
APP00033,24,Female,86924,78800,835,0,6,Master,Yes,84,1
APP00034,43,Male,58421,42200,648,2,18,Master,No,84,0
APP00035,56,Male,43214,221500,633,1,6,High School,No,48,0
APP00036,23,Female,49791,228200,710,1,5,Bachelor,Yes,24,0
APP00037,55,Female,79806,233800,698,0,23,Master,Yes,48,0
APP00038,54,Male,60081,134900,582,0,3,Bachelor,No,36,0
APP00039,32,Male,69926,408400,759,1,5,PhD,No,60,0
APP00040,46,Female,81116,139800,673,1,20,Bachelor,No,48,1
APP00041,27,Female,50687,226900,602,0,3,High School,No,60,0
APP00042,51,Female,84323,249600,763,1,27,High School,No,72,1
APP00043,49,Male,71152,463200,724,2,3,Master,No,36,0
APP00044,35,Male,34421,151200,591,1,17,PhD,No,60,0
APP00045,23,Female,114822,125700,804,0,5,High School,No,48,1
APP00046,59,Male,47895,79000,726,3,13,High School,No,72,0
APP00047,38,Male,28490,422700,679,1,8,Master,No,60,0
APP00048,56,Female,37490,227000,791,1,10,High School,No,12,0
APP00049,48,Female,37897,230900,691,1,23,High School,No,60,0
APP00050,52,Male,61425,800000,678,3,23,Master,Yes,36,0
APP00051,51,Female,53043,215200,634,1,6,Master,No,60,0
APP00052,28,Male,51561,87900,721,0,10,Master,No,60,0
APP00053,35,Female,79298,161600,713,1,17,Bachelor,Yes,48,1
APP00054,39,Female,69916,105300,681,0,7,Bachelor,No,60,1
APP00055,40,Male,69170,144800,625,0,21,Master,No,72,0
APP00056,22,Female,72151,144200,689,1,4,Bachelor,No,72,1
APP00057,42,Male,79171,130300,675,0,24,Bachelor,No,60,1
APP00058,27,Female,23237,83700,587,1,5,Master,No,60,1
APP00059,50,Male,50925,432200,577,2,9,Bachelor,No,48,0
APP00060,48,Male,22494,212200,720,2,14,Master,No,72,0
APP00061,57,Female,60982,159000,498,0,11,High School,Yes,72,0
APP00062,50,Female,59875,273100,694,0,5,PhD,No,36,0
APP00063,35,Male,96047,233200,647,0,17,Bachelor,Yes,36,0
APP00064,59,Female,102389,209500,772,3,0,Bachelor,No,36,1
APP00065,37,Female,65732,262400,645,2,19,Master,No,36,0
APP00066,34,Male,47903,193800,726,2,1,Bachelor,No,48,0
APP00067,57,Female,74639,260200,652,2,10,Master,No,36,0
APP00068,35,Female,47313,272400,688,1,17,Bachelor,No,60,0
APP00069,24,Male,59962,196900,732,0,4,Master,Yes,24,0
APP00070,39,Male,93514,159500,648,0,2,Master,Yes,36,1
APP00071,52,Female,46681,417700,750,2,23,Bachelor,Yes,60,0
APP00072,28,Male,86220,138400,610,0,2,High School,Yes,48,0
APP00073,39,Female,81384,223200,701,0,21,High School,No,48,1
APP00074,26,Female,39044,226000,745,0,8,PhD,No,72,0
APP00075,48,Male,93000,128700,726,2,26,PhD,No,84,1
APP00076,40,Male,82163,115400,814,1,7,PhD,No,60,1
APP00077,34,Female,62816,148200,627,0,4,High School,Yes,24,0
APP00078,30,Male,42576,137300,583,0,12,Bachelor,No,24,0
APP00079,43,Male,40760,80700,610,5,23,Master,No,84,0
APP00080,47,Female,47106,125800,726,0,28,Master,No,60,1
APP00081,58,Female,76593,208400,715,0,9,High School,No,72,1
APP00082,38,Female,39029,361100,687,0,12,Bachelor,Yes,60,0
APP00083,27,Female,73056,244200,601,0,9,High School,No,36,0
APP00084,54,Female,34314,43100,734,1,13,Bachelor,No,60,1
APP00085,46,Male,54736,256100,594,2,7,High School,No,72,0
APP00086,49,Female,63035,132400,761,1,11,High School,No,72,0
APP00087,24,Female,180000,230900,850,0,6,High School,Yes,36,1
APP00088,33,Female,32283,178600,706,0,1,Master,No,60,0
APP00089,51,Female,116367,161900,721,1,10,Master,No,36,1
APP00090,54,Male,64185,170200,645,3,9,Master,No,84,0
APP00091,38,Female,72195,177800,553,2,2,Bachelor,No,36,0
APP00092,53,Male,63282,377100,638,2,3,Bachelor,No,60,0
APP00093,54,Female,73293,178100,603,0,15,Bachelor,No,36,0
APP00094,36,Male,55991,327000,579,1,3,Bachelor,No,60,0
APP00095,56,Male,115430,301800,801,0,10,Bachelor,No,60,1
APP00096,32,Male,48859,259800,699,0,14,Master,No,48,0
APP00097,30,Female,99868,67400,707,1,12,Master,No,72,0
APP00098,48,Female,44897,332700,658,1,3,Master,No,72,0
APP00099,46,Male,58395,139900,668,3,13,High School,No,72,0
APP00100,26,Male,37039,266800,748,0,3,Bachelor,No,48,0
APP00101,54,Male,73634,105400,678,1,13,High School,No,72,0
APP00102,28,Male,114968,93800,717,4,10,High School,No,60,0
APP00103,53,Female,57947,533800,666,0,24,Master,No,60,0
APP00104,21,Male,54913,106300,656,1,3,Bachelor,No,60,0
APP00105,52,Male,36334,338100,582,1,29,Master,No,60,0
APP00106,52,Male,54118,192100,542,1,4,High School,No,36,0
APP00107,52,Male,29300,142900,662,0,1,PhD,No,48,0
APP00108,47,Female,39787,175600,684,0,0,PhD,No,36,0
APP00109,39,Female,66447,88000,590,1,11,Bachelor,No,36,0
APP00110,49,Male,108625,178600,678,1,5,Master,Yes,24,1
APP00111,32,Female,180000,99200,684,0,2,High School,No,36,0
APP00112,52,Male,46080,144800,529,0,7,Master,No,72,0
APP00113,43,Male,114460,299400,616,2,25,Master,No,60,1
APP00114,39,Male,66956,207000,709,3,21,Master,No,12,0
APP00115,41,Male,56052,79700,707,2,0,Master,No,72,0
APP00116,43,Male,72894,287500,599,1,25,Bachelor,No,84,0
APP00117,22,Female,61695,179300,691,0,4,Master,No,72,1
APP00118,26,Female,63056,133600,752,1,8,Bachelor,No,72,0
APP00119,30,Female,49929,271400,734,0,10,High School,No,84,0
APP00120,25,Male,31983,164200,673,0,7,High School,No,60,0
APP00121,38,Male,29956,94800,647,0,20,Master,No,84,0
APP00122,47,Male,80504,497300,636,2,22,Bachelor,No,84,0
APP00123,47,Male,52975,178300,713,0,18,Bachelor,No,48,0
APP00124,39,Male,45883,172100,694,1,19,Master,No,72,0
APP00125,55,Female,60230,144000,724,2,22,Bachelor,No,72,0
APP00126,43,Female,85804,344400,689,3,5,Bachelor,Yes,72,0
APP00127,24,Female,65073,134900,737,1,6,Bachelor,No,72,1
APP00128,51,Female,44662,77000,687,1,3,Bachelor,No,48,1
APP00129,43,Female,104186,123900,735,0,21,Master,No,48,0
APP00130,46,Female,122117,373400,741,2,13,Bachelor,No,60,0
APP00131,43,Male,74956,284500,624,0,19,Bachelor,No,72,0
APP00132,43,Female,92990,156400,553,0,17,Master,No,72,0
APP00133,24,Female,104923,383100,788,1,6,Master,No,72,0
APP00134,43,Female,99772,271600,698,3,4,Master,No,60,1
APP00135,52,Female,79098,155500,560,0,30,High School,No,84,0
APP00136,33,Male,78539,164300,630,0,9,Master,No,36,0
APP00137,45,Female,75807,215700,734,1,3,Bachelor,Yes,84,0
APP00138,22,Male,36618,113900,660,0,4,High School,No,24,1
APP00139,34,Female,82242,180400,644,1,16,Bachelor,No,60,0
APP00140,38,Female,32597,213300,778,2,8,Master,Yes,24,0
APP00141,60,Female,41962,71200,607,2,30,Bachelor,No,60,1
APP00142,29,Male,107872,162200,624,2,11,Master,No,48,1
APP00143,32,Female,87570,152400,695,1,14,Bachelor,No,24,0
APP00144,37,Female,117176,316800,707,0,19,High School,No,60,1
APP00145,60,Male,53095,65300,715,0,1,Bachelor,Yes,72,0
APP00146,55,Male,35724,145900,744,1,15,Bachelor,No,36,1
APP00147,22,Female,53847,138100,694,2,4,Bachelor,No,60,1
APP00148,30,Female,62819,305200,714,1,6,Master,No,36,0
APP00149,53,Female,62171,175700,662,1,17,Master,No,36,0
APP00150,23,Female,99933,483400,684,0,3,High School,Yes,36,0
APP00151,55,Male,50997,259100,688,2,21,Bachelor,No,60,0
APP00152,32,Female,70299,143600,695,2,14,High School,No,72,0
APP00153,57,Male,38454,205400,734,0,2,Bachelor,Yes,60,0
APP00154,32,Female,73478,148100,719,0,14,High School,No,72,0
APP00155,38,Male,60084,288800,683,0,20,Bachelor,No,60,0
APP00156,47,Female,42817,86500,623,1,1,Master,No,72,0
APP00157,26,Male,53959,114400,685,1,8,Bachelor,No,84,0
APP00158,43,Female,55228,231300,678,2,8,Bachelor,No,48,0
APP00159,41,Male,53132,353200,694,1,1,Bachelor,No,36,0
APP00160,52,Male,133146,53600,834,2,24,Bachelor,No,36,1
APP00161,60,Female,57400,383300,643,1,13,Bachelor,No,60,0
APP00162,47,Male,53763,166600,710,1,23,High School,Yes,60,0
APP00163,37,Female,23348,63900,755,2,18,Master,Yes,36,0
APP00164,37,Female,40123,34500,687,1,19,Bachelor,No,72,0
APP00165,37,Female,53301,77600,844,1,19,Bachelor,No,84,1
APP00166,53,Male,44067,178100,654,0,18,High School,No,36,0
APP00167,33,Male,111733,173600,703,3,10,Bachelor,No,36,0
APP00168,27,Male,55708,255000,624,3,9,Bachelor,No,36,0
APP00169,34,Female,107141,133100,655,3,16,Bachelor,No,48,0
APP00170,21,Female,61689,97900,697,0,3,Bachelor,No,72,0
APP00171,25,Female,61014,143400,739,0,7,Bachelor,No,60,0
APP00172,24,Female,57650,183400,702,2,6,Master,Yes,24,0
APP00173,51,Male,60103,204400,768,2,30,Master,No,60,1
APP00174,49,Male,130035,116600,673,0,20,High School,No,24,1
APP00175,48,Male,21126,295500,657,2,10,High School,No,48,0
APP00176,39,Male,24377,127900,850,4,18,Master,No,48,0
APP00177,49,Male,46989,111600,708,1,12,PhD,No,60,1
APP00178,27,Male,60394,133600,630,1,4,Master,No,60,0
APP00179,57,Male,81850,325100,631,1,27,High School,No,72,0
APP00180,41,Male,74235,167300,614,1,23,Bachelor,No,12,1
APP00181,58,Female,50473,122900,746,0,25,High School,Yes,72,1
APP00182,27,Female,94909,299600,654,0,9,Master,No,12,0
APP00183,40,Female,95386,584900,689,2,7,Bachelor,No,36,0
APP00184,48,Male,65181,202000,676,2,1,Bachelor,No,72,0
APP00185,40,Male,92531,354800,731,1,22,Bachelor,No,60,1
APP00186,38,Male,67832,318200,621,0,10,Bachelor,Yes,36,0
APP00187,27,Male,46604,129000,605,1,9,Bachelor,No,60,0
APP00188,36,Female,82135,182700,696,4,18,High School,No,60,0
APP00189,30,Female,63062,88900,722,1,3,Bachelor,Yes,84,0
APP00190,33,Male,60036,160800,703,0,15,Master,No,60,0
APP00191,48,Male,116416,127600,623,1,4,Bachelor,No,12,0
APP00192,46,Male,19915,144200,727,1,15,Bachelor,No,60,0
APP00193,45,Male,31702,119200,628,1,14,Master,No,36,1
APP00194,35,Female,35169,153700,643,0,17,Master,Yes,12,0
APP00195,59,Female,50952,241200,614,0,20,High School,No,60,0
APP00196,24,Female,53505,168600,771,2,6,High School,No,72,0
APP00197,34,Female,30449,64600,724,2,16,Bachelor,No,12,1
APP00198,25,Female,38514,119400,722,3,7,Bachelor,No,72,0
APP00199,34,Female,40730,78000,767,0,16,High School,No,60,1
APP00200,59,Female,180000,205900,850,4,26,High School,No,72,1
APP00201,35,Female,134980,237400,560,2,12,High School,No,36,1
APP00202,57,Male,49852,207300,628,0,11,Bachelor,No,48,0
APP00203,40,Female,50944,116700,637,0,22,Bachelor,Yes,24,1
APP00204,48,Female,35773,206200,620,3,23,High School,No,36,0
APP00205,39,Female,25424,139000,605,1,21,Master,No,36,0
APP00206,31,Female,56926,96200,659,1,13,Bachelor,Yes,48,1
APP00207,51,Female,38295,270700,595,1,28,Bachelor,Yes,36,0
APP00208,59,Female,57752,282300,703,1,22,High School,No,36,0
APP00209,31,Male,29202,303300,684,4,13,Master,No,84,0
APP00210,52,Female,42583,128800,714,3,5,PhD,No,72,0
APP00211,31,Female,64150,344300,716,3,13,Bachelor,No,48,0
APP00212,49,Female,70749,137200,722,1,22,High School,No,84,1
APP00213,52,Male,72400,257900,654,0,23,Bachelor,No,36,1
APP00214,38,Female,33120,135900,828,2,20,High School,No,48,0
APP00215,50,Male,88142,159100,696,3,10,Master,No,72,1
APP00216,31,Male,41857,47500,550,2,9,High School,No,60,0
APP00217,24,Female,79769,152500,610,0,6,PhD,No,36,1
APP00218,24,Female,59713,189200,558,2,6,Bachelor,No,48,0
APP00219,38,Female,32297,143700,681,2,5,Bachelor,Yes,60,0
APP00220,57,Male,52042,472900,671,0,11,Master,No,60,0
APP00221,26,Female,70722,95000,647,5,8,High School,Yes,48,0
APP00222,39,Female,79058,132000,821,0,6,Master,Yes,60,1
APP00223,49,Female,56312,109400,718,2,24,High School,No,36,1
APP00224,29,Female,119539,132000,731,1,3,Master,Yes,60,0
APP00225,49,Male,94417,317400,615,1,5,Bachelor,No,36,0
APP00226,33,Female,53456,405800,610,1,15,High School,No,72,0
APP00227,53,Male,84091,122400,683,0,18,Master,No,72,0
APP00228,44,Female,143244,120900,692,2,17,High School,No,48,1
APP00229,42,Male,144975,95300,550,0,24,High School,No,72,1
APP00230,28,Male,34527,369200,667,1,9,Master,No,12,0
APP00231,39,Female,39544,333500,681,2,15,Bachelor,No,48,0
APP00232,55,Female,117045,169800,665,1,18,Master,No,60,1
APP00233,21,Female,37267,83500,623,1,3,Bachelor,No,60,1
APP00234,51,Female,33089,87700,642,2,10,Bachelor,No,72,0
APP00235,40,Female,48210,197700,668,1,19,Bachelor,No,84,0
APP00236,49,Male,72490,243500,686,2,13,High School,No,48,0
APP00237,47,Male,57298,57800,722,3,16,PhD,No,48,0
APP00238,38,Male,44772,150800,756,1,20,High School,No,60,1
APP00239,33,Male,44298,438400,659,3,12,Bachelor,No,36,0
APP00240,46,Male,43545,159700,648,2,20,Bachelor,No,36,0
APP00241,26,Female,40389,408400,711,1,8,Bachelor,No,84,0
APP00242,44,Female,167516,257200,723,4,23,Bachelor,No,72,1
APP00243,24,Female,68595,99100,650,1,6,Master,No,84,0
APP00244,46,Male,89424,153200,735,0,18,Master,No,36,1
APP00245,46,Female,48147,167700,749,1,8,Master,No,12,0
APP00246,24,Female,55184,106600,770,1,6,Bachelor,No,60,0
APP00247,51,Female,43521,105600,804,1,19,Bachelor,No,84,1
APP00248,37,Male,18194,412300,619,1,7,High School,No,36,0
APP00249,52,Male,32273,105200,681,2,9,Master,No,24,0
APP00250,22,Female,26564,325700,681,3,4,Bachelor,No,24,0
APP00251,28,Male,21801,141600,673,2,10,Bachelor,No,72,0
APP00252,40,Male,35038,177500,635,1,2,High School,Yes,72,0
APP00253,28,Male,108916,245200,576,1,10,Master,No,60,0
APP00254,34,Female,58812,129500,686,0,16,Master,No,24,0
APP00255,47,Female,107243,246000,626,5,2,Master,No,60,0
APP00256,26,Male,72189,58400,686,0,8,High School,No,60,0
APP00257,48,Male,85327,229200,624,1,23,PhD,No,36,0
APP00258,25,Female,40002,46300,603,1,7,High School,No,36,0
APP00259,28,Female,75954,158900,696,0,10,Bachelor,No,60,1
APP00260,44,Female,83285,288000,691,0,10,High School,No,48,1
APP00261,52,Male,46287,253500,721,0,5,Bachelor,No,84,0
APP00262,27,Female,77180,88100,833,0,0,Bachelor,No,60,1
APP00263,32,Male,77411,94600,699,1,11,High School,No,48,0
APP00264,58,Female,46854,123200,714,3,19,Bachelor,No,60,1
APP00265,60,Male,36201,199400,605,1,1,Bachelor,Yes,60,0
APP00266,44,Male,35216,58900,590,2,26,Master,No,12,0
APP00267,38,Male,62382,178700,791,0,18,Bachelor,No,60,1
APP00268,34,Male,69512,213600,615,2,9,Bachelor,No,36,0
APP00269,45,Female,42002,154100,607,3,27,High School,No,48,0
APP00270,44,Male,60722,240300,677,0,5,Master,No,60,0
APP00271,32,Male,77563,203600,674,0,14,High School,No,60,1
APP00272,21,Male,79244,133600,617,2,3,Bachelor,No,48,0
APP00273,27,Female,120625,62100,659,1,9,High School,No,36,1
APP00274,59,Female,106590,193700,766,1,13,Bachelor,No,60,1
APP00275,37,Female,38235,106600,624,2,19,Bachelor,No,48,0
APP00276,40,Female,127991,131000,582,0,7,Bachelor,No,84,0
APP00277,39,Female,47248,234300,746,1,21,Bachelor,No,60,0
APP00278,52,Female,96018,392500,714,0,10,Bachelor,No,72,0
APP00279,23,Male,61864,176300,637,1,5,Bachelor,Yes,48,0
APP00280,24,Female,49843,244100,569,1,6,High School,No,72,0
APP00281,32,Female,26599,81300,628,1,14,Bachelor,No,24,0
APP00282,40,Female,55542,206000,676,0,10,Bachelor,No,36,0
APP00283,47,Male,29744,174200,762,1,4,Bachelor,No,24,0
APP00284,40,Female,92724,353900,607,1,12,High School,No,12,0
APP00285,38,Male,118736,133700,674,0,16,Bachelor,No,84,0
APP00286,58,Male,41919,157600,727,2,1,Bachelor,No,60,0
APP00287,27,Female,68733,322200,513,0,2,High School,No,60,0
APP00288,43,Male,43290,171100,752,3,25,High School,Yes,60,0
APP00289,42,Male,45219,97800,597,1,1,Bachelor,No,60,0
APP00290,39,Female,85018,732400,703,0,12,Bachelor,No,60,0
APP00291,53,Male,58968,99500,697,1,23,Bachelor,Yes,72,0
APP00292,31,Female,131261,173700,756,1,10,High School,No,60,1
APP00293,59,Male,48296,217800,719,0,15,Master,No,72,1
APP00294,34,Male,94071,208500,514,1,2,Bachelor,Yes,36,0
APP00295,42,Female,62689,162200,625,1,24,Bachelor,No,84,1
APP00296,41,Female,85837,162600,690,1,19,Master,No,12,1
APP00297,54,Male,49064,158200,666,0,26,Bachelor,No,48,1
APP00298,38,Female,58677,97400,713,1,20,High School,No,72,1
APP00299,32,Female,56961,587300,735,1,10,Bachelor,No,36,0
APP00300,21,Male,41187,159500,723,0,1,PhD,No,36,0
APP00301,35,Female,80825,250000,665,0,10,PhD,No,48,0
APP00302,54,Male,80395,149700,551,2,4,High School,Yes,48,0
APP00303,21,Female,78370,148100,648,1,3,Master,No,84,0
APP00304,56,Female,119819,140100,709,1,4,Bachelor,No,72,0
APP00305,42,Female,115186,76700,604,2,24,High School,No,60,0
APP00306,26,Female,50684,164800,724,0,8,Bachelor,No,84,0
APP00307,33,Male,70967,143900,744,0,7,Bachelor,No,60,1
APP00308,43,Male,45319,342900,689,0,25,Bachelor,No,72,0
APP00309,33,Male,60634,93200,466,2,15,Master,No,36,0
APP00310,25,Female,45808,131000,591,2,7,Bachelor,No,60,0
APP00311,47,Female,124384,109800,812,0,4,Bachelor,No,12,1
APP00312,47,Male,70669,398000,642,1,10,Bachelor,No,12,0
APP00313,25,Female,54393,111600,541,2,7,High School,No,60,0
APP00314,32,Female,102665,245200,766,5,14,Bachelor,Yes,24,0
APP00315,30,Female,22591,306900,681,3,8,PhD,Yes,60,0
APP00316,47,Male,24240,166100,757,2,23,Bachelor,Yes,60,0
APP00317,50,Female,85839,84400,699,3,8,High School,Yes,12,0
APP00318,50,Female,61655,85000,712,4,7,Bachelor,No,60,0
APP00319,58,Male,67158,288800,705,1,13,PhD,No,60,0
APP00320,51,Male,33032,90000,729,1,4,Master,No,72,0
APP00321,33,Male,59376,223300,839,2,12,Bachelor,No,36,0
APP00322,25,Male,147809,191700,748,0,7,Bachelor,No,84,0
APP00323,45,Female,86941,221500,569,0,8,Bachelor,No,72,0
APP00324,57,Female,64762,233300,711,2,24,Master,No,60,0
APP00325,60,Female,49243,107700,760,1,10,Master,No,48,0
APP00326,30,Male,50239,105300,764,1,12,Master,No,60,1
APP00327,30,Female,23016,266700,650,0,12,Bachelor,No,72,0
APP00328,22,Male,67376,127300,762,0,4,High School,No,36,1
APP00329,26,Female,87778,39700,745,1,8,Bachelor,No,84,1
APP00330,43,Male,29527,257200,850,2,25,High School,No,84,0
APP00331,42,Male,44554,101800,627,0,7,High School,No,60,1
APP00332,35,Female,35641,232700,644,0,8,Bachelor,No,60,0
APP00333,33,Male,38859,387200,659,1,15,Bachelor,No,60,0
APP00334,54,Female,61462,181700,646,2,10,Master,Yes,72,1
APP00335,39,Female,23485,311300,618,0,21,Master,Yes,72,0
APP00336,53,Female,79104,195900,487,0,1,Master,No,12,0
APP00337,59,Female,84232,431000,650,2,19,Master,Yes,24,0
APP00338,33,Male,53589,100400,706,4,15,Master,No,48,0
APP00339,29,Female,19649,179200,645,3,11,High School,Yes,84,0
APP00340,59,Male,38319,260700,815,0,18,Bachelor,No,48,0
APP00341,46,Female,104496,162100,681,2,26,High School,No,72,1
APP00342,32,Male,18000,339200,770,2,9,High School,No,60,0
APP00343,45,Male,51314,141900,698,3,11,High School,No,36,1
APP00344,41,Female,35281,561800,738,1,2,Master,Yes,84,0
APP00345,57,Male,86177,578300,700,0,21,Master,Yes,60,0
APP00346,31,Female,44280,210200,776,1,13,Master,No,48,0
APP00347,60,Female,71961,243900,684,0,23,PhD,No,12,0
APP00348,58,Female,77386,346700,715,2,23,Master,No,24,0
APP00349,28,Female,137091,93700,706,2,3,High School,No,36,0
APP00350,27,Female,54763,87500,660,0,9,Master,No,48,1
APP00351,42,Male,71063,359200,708,0,23,Master,Yes,60,0
APP00352,22,Male,30756,209300,836,1,4,Master,No,36,0
APP00353,32,Male,102517,158900,661,0,14,High School,No,24,1
APP00354,38,Female,42611,181100,709,0,20,High School,No,36,0
APP00355,59,Male,46619,48500,768,4,12,Master,No,48,0
APP00356,60,Male,59402,162100,760,0,23,High School,No,84,0
APP00357,27,Male,29697,119000,681,1,9,Bachelor,Yes,48,0
APP00358,56,Male,66506,298200,513,1,20,Bachelor,No,24,0
APP00359,24,Male,92731,311100,716,1,6,High School,No,60,0
APP00360,50,Male,68454,247200,525,3,20,High School,Yes,84,0
APP00361,54,Male,29351,223700,783,1,24,PhD,Yes,72,0
APP00362,56,Male,56749,79000,692,2,28,Master,No,72,0
APP00363,29,Male,83785,249100,750,2,9,Master,Yes,84,0
APP00364,56,Male,25771,254500,617,1,28,Bachelor,No,60,0
APP00365,25,Female,36992,357000,571,1,7,High School,No,84,0
APP00366,41,Male,89014,577100,698,0,18,Bachelor,No,12,0
APP00367,39,Male,67754,71000,678,2,10,Bachelor,No,72,1
APP00368,33,Male,72221,145400,646,1,12,High School,No,72,1
APP00369,21,Female,138534,119700,686,2,3,Master,Yes,84,0
APP00370,51,Female,74084,197900,850,2,11,PhD,No,60,0
APP00371,34,Female,80672,181300,738,2,8,Bachelor,No,72,0
APP00372,47,Male,180000,158300,753,0,25,Bachelor,No,36,1
APP00373,37,Male,54496,316800,739,1,12,Bachelor,No,60,0
APP00374,35,Male,41900,98200,784,1,17,High School,No,48,1
APP00375,56,Female,72737,101500,667,1,0,Bachelor,No,60,1
APP00376,24,Female,73105,102500,536,2,2,Bachelor,No,60,0
APP00377,50,Female,47338,147600,667,0,26,Bachelor,No,48,1
APP00378,50,Female,37704,91600,737,1,4,Bachelor,No,36,0
APP00379,36,Female,169656,175300,612,1,18,Master,No,48,0
APP00380,31,Female,69507,164300,668,2,13,High School,No,60,0
APP00381,21,Female,43156,116800,632,0,3,High School,Yes,60,0
APP00382,58,Male,90605,291100,785,1,27,High School,No,72,1
APP00383,58,Male,57124,174200,732,1,13,High School,No,24,1
APP00384,30,Female,53546,322900,726,0,12,Bachelor,Yes,72,0
APP00385,22,Male,77275,161700,724,0,4,Master,No,60,1
APP00386,25,Male,33549,177600,677,2,7,Master,No,12,0
APP00387,23,Female,70318,132100,694,1,5,Bachelor,Yes,48,1
APP00388,54,Male,141907,179300,597,1,24,Bachelor,Yes,60,0
APP00389,56,Female,74004,266300,527,3,1,High School,No,48,0
APP00390,27,Female,50656,143600,691,0,9,Bachelor,Yes,24,0
APP00391,50,Male,47758,239400,703,3,0,Bachelor,No,36,0
APP00392,28,Female,49884,115100,765,0,9,Master,No,12,0
APP00393,35,Female,53520,273300,790,2,17,Bachelor,No,24,0
APP00394,44,Female,50619,130800,790,2,4,High School,No,36,1
APP00395,49,Male,90621,287500,610,1,15,Bachelor,No,72,1
APP00396,55,Female,27506,186100,655,0,30,High School,No,60,0
APP00397,22,Female,88433,415500,714,0,4,Master,No,48,0
APP00398,28,Female,50576,95400,850,3,0,High School,No,60,1
APP00399,32,Male,71092,79900,784,3,14,High School,No,60,0
APP00400,33,Male,36133,128300,758,2,15,High School,No,36,0
APP00401,60,Female,109096,84100,653,2,2,Master,No,36,0
APP00402,52,Male,105097,84100,618,1,20,Bachelor,No,36,1
APP00403,33,Male,92403,253400,735,2,15,Bachelor,No,60,1
APP00404,59,Male,30347,179600,603,0,21,Bachelor,No,60,0
APP00405,40,Male,87134,138300,663,1,9,High School,Yes,48,1
APP00406,41,Male,71990,145500,672,1,7,Master,No,60,0
APP00407,38,Male,29136,129600,792,1,20,High School,No,84,0
APP00408,26,Female,59348,446200,655,1,8,High School,No,48,0
APP00409,58,Male,70696,120100,509,2,5,Bachelor,No,60,0
APP00410,21,Male,77060,87000,715,1,3,High School,No,60,1
APP00411,27,Male,64982,278900,631,1,9,High School,No,60,0
APP00412,30,Female,68402,159900,683,1,12,Master,No,72,1
APP00413,32,Male,116451,552400,674,1,6,Bachelor,No,60,0
APP00414,26,Female,104174,134800,661,0,6,High School,No,36,0
APP00415,21,Female,18000,286600,735,0,3,Bachelor,No,60,0
APP00416,48,Female,52013,326400,573,0,21,Master,No,72,0
APP00417,59,Female,55715,135100,644,1,27,High School,No,48,0
APP00418,25,Male,27273,119600,728,1,7,High School,No,84,0
APP00419,32,Female,62598,270600,637,0,14,Bachelor,No,48,0
APP00420,41,Male,105244,246900,567,1,5,Bachelor,No,60,0
APP00421,58,Female,36796,82900,727,3,8,PhD,No,60,1
APP00422,48,Female,69806,96800,759,0,7,Bachelor,No,60,1
APP00423,51,Female,39735,44600,677,3,1,High School,No,72,0
APP00424,44,Female,44344,249700,543,1,24,Bachelor,No,36,0
APP00425,37,Male,116649,155900,729,0,19,Bachelor,No,60,1
APP00426,28,Female,47002,164600,564,1,2,High School,Yes,60,0
APP00427,55,Female,73872,71000,702,1,6,Bachelor,No,72,0
APP00428,53,Female,25850,98400,618,1,5,High School,No,60,0
APP00429,22,Male,138710,138400,599,1,4,Master,No,84,0
APP00430,49,Female,78692,124400,649,1,14,Master,Yes,72,0
APP00431,24,Male,55269,192100,667,1,6,Bachelor,No,48,0
APP00432,50,Male,77738,248100,635,0,28,PhD,Yes,72,0
APP00433,54,Male,31815,627200,721,0,6,PhD,No,84,0
APP00434,26,Female,102154,178000,649,0,8,High School,No,36,0
APP00435,38,Male,51860,332400,749,0,13,Bachelor,No,60,0
APP00436,25,Male,54736,114000,700,2,7,Bachelor,Yes,36,0
APP00437,43,Male,48091,71600,631,1,25,High School,No,60,0
APP00438,58,Female,46203,148300,619,0,30,Bachelor,No,24,1
APP00439,24,Male,82019,74800,565,1,0,Bachelor,No,72,0
APP00440,36,Female,67323,181500,700,0,14,PhD,No,48,1
APP00441,59,Female,80450,117200,655,4,3,Bachelor,No,60,0
APP00442,33,Female,59763,61400,514,0,13,Master,No,12,0
APP00443,26,Female,75587,467700,642,1,8,Bachelor,No,60,0
APP00444,40,Male,49693,133900,617,0,12,High School,No,60,1
APP00445,41,Male,163649,73100,790,0,9,Master,No,60,1
APP00446,47,Male,29630,295000,561,1,9,High School,No,48,0
APP00447,33,Female,105823,120600,579,0,9,High School,No,36,0
APP00448,59,Female,111041,327800,758,1,10,Bachelor,Yes,60,0
APP00449,41,Female,40889,120300,775,1,11,Bachelor,No,84,0
APP00450,32,Male,163615,133700,628,1,14,Bachelor,No,36,1
APP00451,59,Male,93908,217600,636,1,2,High School,No,60,0
APP00452,57,Male,92885,249400,723,0,1,Bachelor,No,12,0
APP00453,40,Male,60761,274700,517,1,16,High School,No,60,0
APP00454,21,Male,54412,171300,550,0,3,High School,No,36,0
APP00455,44,Female,54604,240700,660,1,8,Bachelor,No,60,0
APP00456,43,Male,71528,271300,788,2,6,High School,No,48,0
APP00457,26,Female,112717,201000,649,1,8,Bachelor,No,24,0
APP00458,46,Male,65101,166400,687,1,11,Bachelor,No,48,0
APP00459,54,Male,39813,81300,759,0,22,Master,Yes,48,0
APP00460,25,Female,86950,250300,827,1,4,Bachelor,No,60,1
APP00461,49,Female,90818,184200,640,4,3,Bachelor,No,84,0
APP00462,26,Male,80555,143400,679,2,8,High School,No,60,0
APP00463,50,Male,83916,363500,808,2,12,PhD,Yes,84,0
APP00464,37,Male,53113,82100,573,1,19,High School,No,60,0
APP00465,21,Female,39500,444600,752,2,3,High School,No,24,0
APP00466,59,Male,40596,177800,609,2,10,Bachelor,Yes,36,0
APP00467,27,Female,28743,214300,687,2,4,High School,No,48,0
APP00468,44,Male,66751,144800,663,0,5,High School,No,48,0
APP00469,28,Female,57789,72000,613,0,10,High School,No,72,0
APP00470,58,Male,49222,166700,611,1,7,Bachelor,Yes,60,0
APP00471,50,Female,18000,216400,699,3,15,Bachelor,No,60,0
APP00472,53,Female,34228,261100,750,2,25,Bachelor,No,60,0
APP00473,38,Male,99357,161400,671,3,20,Master,No,48,1
APP00474,39,Male,44490,53900,685,1,8,Bachelor,No,60,1
APP00475,46,Female,70570,77100,720,1,3,Master,No,24,1
APP00476,52,Male,32090,556400,612,1,24,Master,No,36,0
APP00477,54,Male,114636,98700,732,2,21,Master,No,36,1
APP00478,21,Male,56235,394600,737,1,3,Master,No,36,0
APP00479,47,Male,68365,107700,850,1,18,Bachelor,No,60,1
APP00480,25,Male,170877,162800,654,0,5,Bachelor,No,12,0
APP00481,32,Male,118717,253900,648,1,14,Bachelor,No,36,0
APP00482,54,Male,52268,114600,734,1,22,High School,No,84,1
APP00483,31,Male,45943,432100,737,1,9,Bachelor,No,84,0
APP00484,52,Male,51824,187700,643,0,14,High School,No,60,0
APP00485,39,Male,75475,231900,652,1,10,High School,No,60,0
APP00486,30,Female,57225,155400,718,2,0,Master,Yes,72,0
APP00487,34,Male,50224,258600,622,1,3,Bachelor,No,12,0
APP00488,42,Male,116114,428900,651,0,24,Bachelor,No,48,1
APP00489,51,Male,56994,167500,686,0,14,Bachelor,No,24,1
APP00490,45,Female,168875,466100,750,2,4,Bachelor,No,48,0
APP00491,58,Male,62501,128600,638,0,1,Master,No,84,0
APP00492,55,Male,133986,274000,551,1,10,Bachelor,No,72,0
APP00493,51,Male,70467,235600,546,3,30,Bachelor,No,84,0
APP00494,45,Male,92543,100000,592,2,11,Bachelor,No,72,0
APP00495,32,Male,43305,202500,588,1,14,Bachelor,No,60,0
APP00496,37,Male,40860,180700,669,3,15,Bachelor,Yes,72,0
APP00497,25,Female,73789,112600,597,1,7,PhD,No,60,0
APP00498,35,Female,93615,219200,631,2,17,Bachelor,No,60,1
APP00499,58,Male,61097,195100,626,0,0,Bachelor,No,36,0
APP00500,38,Female,33632,173000,649,2,0,Bachelor,No,60,0
APP00501,25,Female,32532,173300,773,4,7,Bachelor,No,36,0
APP00502,47,Male,31568,171300,726,1,28,PhD,Yes,60,0
APP00503,59,Male,27083,147000,681,1,4,Master,Yes,36,0
APP00504,55,Male,63030,194400,648,4,20,Bachelor,No,60,0
APP00505,31,Female,99545,126300,650,1,13,Bachelor,No,36,1
APP00506,39,Male,59639,776000,703,0,21,Bachelor,No,36,0
APP00507,42,Female,21697,82900,721,3,9,High School,No,60,0
APP00508,30,Male,55064,130500,616,1,12,Bachelor,No,36,0
APP00509,31,Female,55762,136300,683,0,13,Master,No,84,0
APP00510,30,Female,154091,552900,538,1,12,Bachelor,No,60,0
APP00511,60,Male,31144,87100,695,0,4,High School,Yes,48,0
APP00512,50,Male,50327,227500,733,0,18,Master,No,12,0
APP00513,54,Female,129280,206300,660,1,0,Master,No,72,0
APP00514,53,Male,73467,216300,807,1,11,Bachelor,No,60,1
APP00515,59,Male,77311,355300,618,1,0,Bachelor,Yes,48,0
APP00516,25,Female,63175,351300,695,1,7,Bachelor,No,36,0
APP00517,56,Male,69604,140500,677,0,25,Master,No,72,1
APP00518,23,Male,85138,200300,673,1,5,High School,No,84,0
APP00519,40,Male,41682,64600,672,1,9,High School,No,48,0
APP00520,44,Male,89074,190100,687,1,13,Bachelor,No,36,0
APP00521,35,Female,32346,116300,739,2,11,High School,No,24,0
APP00522,26,Female,69554,162500,776,0,8,Bachelor,No,12,0
APP00523,28,Male,65025,71200,680,0,8,Master,Yes,72,1
APP00524,53,Male,45468,224900,737,1,2,High School,No,84,0
APP00525,33,Female,59391,70800,631,4,15,Bachelor,No,84,0
APP00526,33,Male,45341,195300,734,2,15,PhD,No,72,0
APP00527,57,Male,37043,91700,627,4,14,Bachelor,No,36,0
APP00528,26,Male,51173,112800,756,3,6,Bachelor,No,84,1
APP00529,57,Male,36509,339700,835,0,1,Bachelor,Yes,48,0
APP00530,57,Female,69380,248700,671,0,29,High School,No,48,1
APP00531,44,Male,35759,338700,527,0,23,High School,No,60,0
APP00532,27,Male,82660,424500,642,1,4,Bachelor,No,12,0
APP00533,27,Female,35258,117700,766,3,2,Bachelor,No,72,0
APP00534,32,Male,46503,410500,719,1,4,Bachelor,Yes,84,0
APP00535,44,Female,45298,80400,697,1,11,High School,Yes,72,0
APP00536,27,Male,108925,271300,751,0,9,Master,No,72,1
APP00537,39,Male,69615,137200,714,0,4,High School,No,48,0
APP00538,25,Male,54547,107900,765,1,7,Master,No,24,1
APP00539,42,Female,75096,252400,744,3,0,Bachelor,No,72,0
APP00540,21,Female,23245,302700,787,0,3,Bachelor,No,60,0
APP00541,49,Male,58847,297800,705,1,8,High School,No,84,0
APP00542,23,Male,147411,202600,743,1,5,High School,Yes,24,0
APP00543,28,Male,63682,193500,659,1,10,Bachelor,No,36,0
APP00544,27,Female,61862,240500,638,1,8,Bachelor,No,48,0
APP00545,54,Male,76784,212700,799,1,7,High School,No,60,1
APP00546,23,Female,89780,242400,695,2,5,Bachelor,No,72,0
APP00547,38,Female,24422,201400,736,0,12,Bachelor,No,84,0
APP00548,44,Female,28143,286100,689,1,10,High School,No,36,0
APP00549,41,Male,65955,73600,639,0,22,Bachelor,No,60,1
APP00550,48,Male,43495,167500,681,2,16,High School,Yes,12,0
APP00551,53,Male,108284,84100,781,1,20,Bachelor,No,36,1
APP00552,36,Female,52066,209600,719,1,13,High School,Yes,48,0
APP00553,54,Female,25124,444100,560,2,1,Bachelor,Yes,60,0
APP00554,33,Female,33911,138700,665,0,0,Bachelor,No,60,0
APP00555,60,Male,18000,193000,805,2,1,Bachelor,No,48,0
APP00556,41,Male,54000,272900,665,3,17,Bachelor,No,60,0
APP00557,50,Female,55123,57700,554,2,15,Master,No,72,1
APP00558,56,Female,49568,135100,813,1,23,Bachelor,No,36,0
APP00559,52,Female,97499,220000,728,0,27,Master,No,48,0
APP00560,55,Female,102892,36600,675,1,5,High School,No,60,1
APP00561,42,Male,55571,105200,654,0,24,Bachelor,No,72,1
APP00562,22,Male,22960,329800,756,0,4,High School,No,72,0
APP00563,40,Male,79211,312500,642,2,19,Bachelor,No,36,0
APP00564,28,Female,77035,221100,760,0,10,Bachelor,No,60,0
APP00565,56,Female,68963,292400,718,2,5,Master,No,84,0
APP00566,30,Male,93318,202600,697,2,5,Bachelor,No,48,0
APP00567,30,Female,35523,244300,690,2,0,Bachelor,No,48,0
APP00568,30,Female,148159,151300,668,2,12,High School,No,84,1
APP00569,46,Female,38963,191800,753,3,13,High School,No,24,1
APP00570,43,Female,84057,127100,619,1,5,Master,No,60,0
APP00571,58,Male,28079,360600,566,0,4,High School,No,72,0
APP00572,37,Male,39477,415600,723,2,1,High School,No,36,0
APP00573,32,Female,118713,384500,724,1,14,Master,No,60,0
APP00574,22,Female,53354,143800,714,1,4,PhD,No,60,0
APP00575,21,Male,87559,106500,709,0,3,Bachelor,No,72,1
APP00576,35,Male,66751,363300,658,1,3,Bachelor,No,84,0
APP00577,58,Female,57232,242800,735,1,1,Master,No,72,0
APP00578,41,Female,110839,215700,677,2,3,High School,No,24,0
APP00579,56,Male,53939,127000,646,0,23,Bachelor,No,72,0
APP00580,25,Female,26924,227500,658,0,7,Bachelor,No,84,0
APP00581,24,Male,41800,99100,821,2,6,Master,No,60,1
APP00582,54,Male,76890,255100,559,1,1,Master,Yes,60,0
APP00583,25,Female,71688,384300,715,2,7,Bachelor,No,12,0
APP00584,23,Male,29641,441400,562,2,5,High School,No,72,0
APP00585,37,Female,43310,265800,672,0,4,Bachelor,No,12,0
APP00586,57,Male,46181,84200,650,0,24,High School,Yes,48,1
APP00587,48,Female,50901,200600,534,1,14,Master,No,84,1
APP00588,24,Male,32304,583900,707,3,4,High School,No,84,0
APP00589,54,Female,45222,111600,653,0,28,High School,No,84,0
APP00590,54,Male,43227,174200,533,1,16,Master,Yes,60,0
APP00591,53,Female,84905,391700,739,4,20,Bachelor,No,36,0
APP00592,57,Male,86353,252700,780,2,2,Master,Yes,60,0
APP00593,30,Male,56189,704200,784,0,11,High School,No,24,0
APP00594,60,Male,50296,120300,705,0,19,Master,No,72,0
APP00595,33,Female,63899,104400,683,1,15,High School,No,60,1
APP00596,53,Male,41550,352900,773,3,1,High School,No,48,0
APP00597,44,Female,35812,93200,798,1,18,Bachelor,No,24,1
APP00598,52,Female,39301,161500,759,2,29,High School,No,48,0
APP00599,46,Female,45091,173600,614,0,24,Bachelor,Yes,72,0
APP00600,46,Female,35544,318200,694,0,6,High School,No,60,0
APP00601,45,Male,64539,252300,711,2,27,High School,No,24,0
APP00602,52,Female,83322,231400,553,0,21,Master,No,36,0
APP00603,50,Female,29375,144300,713,1,1,High School,No,48,0
APP00604,26,Male,60682,351100,839,4,3,Bachelor,No,24,0
APP00605,54,Male,54346,800000,725,1,28,Master,No,84,0
APP00606,42,Female,69967,263300,783,0,6,High School,No,60,0
APP00607,33,Male,59652,190100,693,1,2,Master,No,24,1
APP00608,41,Female,31194,88200,675,3,13,Bachelor,Yes,72,0
APP00609,59,Male,33997,126800,707,2,16,Bachelor,Yes,48,0
APP00610,55,Male,60800,160000,623,3,17,High School,Yes,36,0
APP00611,54,Female,95325,134100,613,0,20,Master,No,60,0
APP00612,39,Male,22153,178400,769,1,21,Bachelor,No,12,0
APP00613,52,Female,70100,478600,776,0,23,Bachelor,No,60,0
APP00614,36,Female,102481,357400,611,1,0,PhD,Yes,72,0
APP00615,48,Male,56007,164900,748,0,2,Bachelor,No,84,0
APP00616,46,Male,76856,92600,674,1,0,Master,No,48,1
APP00617,30,Female,43727,375600,704,1,12,Master,No,60,0
APP00618,31,Female,56862,175200,712,1,10,Master,No,36,0
APP00619,23,Male,28932,69600,750,1,5,Master,No,60,0
APP00620,26,Female,20892,266300,686,1,8,PhD,Yes,36,0
APP00621,38,Male,91706,316400,779,0,0,High School,No,60,1
APP00622,40,Male,38517,47400,702,3,22,Master,No,36,1
APP00623,27,Female,48879,114400,724,0,8,Master,No,84,0
APP00624,37,Male,32151,169400,622,2,19,Bachelor,Yes,72,0
APP00625,45,Female,31812,269600,831,2,24,Bachelor,No,48,0
APP00626,30,Female,55485,135500,713,1,12,PhD,No,72,1
APP00627,34,Female,43208,113900,730,0,16,High School,No,24,1
APP00628,35,Female,71124,268500,567,1,4,Bachelor,No,72,0
APP00629,41,Male,73552,139100,622,3,19,Bachelor,No,36,0
APP00630,35,Male,69320,242500,767,0,12,High School,No,36,0
APP00631,50,Female,66801,97700,700,1,19,Master,No,60,1
APP00632,34,Female,122039,85600,546,3,16,High School,No,60,0
APP00633,38,Male,37112,272700,753,1,15,Bachelor,Yes,60,0
APP00634,36,Female,58535,206800,642,1,9,Master,No,60,0
APP00635,28,Male,99889,299000,779,0,10,Bachelor,Yes,24,1
APP00636,48,Female,105995,134300,674,2,20,Master,No,24,1
APP00637,30,Male,31644,116200,694,0,12,High School,No,60,1
APP00638,32,Female,52132,380400,763,1,7,Master,No,60,0
APP00639,52,Male,110553,77900,617,0,25,PhD,No,12,0
APP00640,58,Male,75413,358300,611,1,10,High School,No,48,0
APP00641,47,Female,65511,372100,666,1,14,Bachelor,No,60,0
APP00642,57,Male,54401,288900,738,0,26,Bachelor,Yes,60,0
APP00643,55,Male,50483,123300,587,0,10,Bachelor,No,72,1
APP00644,40,Female,68309,114900,563,0,7,Master,No,48,0
APP00645,51,Male,53559,160400,738,0,28,Bachelor,No,60,0
APP00646,34,Male,58861,88300,638,1,16,Bachelor,No,60,0
APP00647,39,Male,62160,106100,653,2,9,High School,Yes,48,0
APP00648,42,Female,44222,256600,550,2,9,Bachelor,Yes,24,0
APP00649,59,Female,76234,257300,632,0,7,Master,No,12,1
APP00650,54,Female,180000,101100,679,1,0,High School,No,72,1
APP00651,40,Male,26969,261100,745,1,17,Bachelor,No,36,0
APP00652,47,Male,69418,231100,626,1,7,High School,No,60,0
APP00653,29,Male,42617,413000,796,1,11,Master,No,60,0
APP00654,53,Female,77803,246200,632,1,5,Bachelor,No,48,0
APP00655,43,Male,61270,322200,632,0,19,Bachelor,No,72,0
APP00656,42,Male,84536,234000,788,4,15,High School,No,60,0
APP00657,51,Female,101832,308600,695,1,18,Bachelor,No,12,1
APP00658,46,Female,65427,88700,641,1,3,PhD,No,72,0
APP00659,23,Female,99860,168300,669,2,5,Bachelor,No,60,0
APP00660,32,Male,20893,176200,775,2,14,Bachelor,No,48,0
APP00661,28,Female,122738,157400,783,0,10,Master,No,60,1
APP00662,50,Female,71031,229800,623,0,27,Bachelor,No,60,0
APP00663,22,Male,97453,255200,677,2,4,Bachelor,No,48,0
APP00664,29,Female,34654,223300,686,1,11,Bachelor,No,84,0
APP00665,44,Female,41285,163300,611,1,0,High School,Yes,60,0
APP00666,48,Male,64073,120100,676,2,5,Master,No,60,0
APP00667,41,Female,59542,329100,680,0,14,Master,No,24,0
APP00668,55,Female,68151,218200,760,3,12,Master,No,36,1
APP00669,57,Female,97746,102800,765,1,27,Master,No,60,1
APP00670,26,Female,27113,161800,657,1,8,Bachelor,Yes,60,0
APP00671,59,Female,92997,69000,665,1,4,Bachelor,No,60,1
APP00672,45,Female,60224,183500,727,0,18,Bachelor,No,72,1
APP00673,46,Male,54743,161400,639,1,14,PhD,No,36,0
APP00674,24,Female,30949,131200,721,2,3,Master,No,60,0
APP00675,45,Female,75243,430300,674,0,20,Bachelor,No,72,0
APP00676,50,Female,20247,95300,612,1,16,Bachelor,Yes,72,0
APP00677,44,Male,80328,265500,613,3,2,Master,Yes,72,1
APP00678,24,Male,30658,599200,781,1,6,Master,Yes,72,0
APP00679,41,Female,61461,325500,669,1,22,Master,No,24,0
APP00680,58,Female,56867,176900,795,1,10,Bachelor,No,60,1
APP00681,49,Female,101559,96500,644,0,11,Bachelor,No,84,1
APP00682,26,Male,55365,85100,700,1,3,Bachelor,No,60,1
APP00683,59,Male,43903,143500,847,2,6,Bachelor,No,36,1
APP00684,59,Female,47769,123400,606,0,30,Master,Yes,84,1
APP00685,27,Male,106393,121200,547,0,9,Bachelor,No,36,0
APP00686,53,Female,76377,150400,770,0,5,Bachelor,No,48,1
APP00687,37,Male,50441,170200,622,1,14,Bachelor,No,36,0
APP00688,44,Male,53944,235100,679,1,5,Bachelor,No,60,0
APP00689,38,Female,29640,91100,639,0,13,Bachelor,No,48,0
APP00690,52,Male,71461,123700,699,2,4,High School,No,60,0
APP00691,60,Female,27179,164900,613,2,19,Master,No,84,0
APP00692,52,Female,84154,161700,667,1,17,Bachelor,Yes,60,1
APP00693,58,Female,63575,494200,711,2,19,Bachelor,Yes,60,0
APP00694,58,Male,175646,204500,609,2,13,High School,No,72,0
APP00695,24,Male,36572,74100,631,0,6,Bachelor,No,72,0
APP00696,31,Female,57291,226500,656,2,7,Master,No,36,0
APP00697,49,Male,134771,243000,580,1,6,Master,No,12,0
APP00698,44,Male,102562,168000,650,0,13,High School,No,60,1
APP00699,23,Male,43862,92400,688,2,5,PhD,No,72,1
APP00700,24,Female,66362,473400,652,0,6,Master,No,60,0
APP00701,41,Male,60054,99900,661,1,1,Bachelor,No,36,0
APP00702,45,Male,68117,258900,679,1,8,High School,Yes,72,0
APP00703,27,Female,43813,200900,634,0,9,Bachelor,Yes,60,0
APP00704,27,Male,57636,250500,728,1,9,Master,No,60,0
APP00705,26,Female,29231,460200,781,1,8,Bachelor,No,72,0
APP00706,43,Female,63762,245100,647,3,9,Bachelor,No,72,0
APP00707,21,Female,73468,132400,714,2,3,Master,No,60,1
APP00708,43,Female,54163,330700,663,0,6,Master,No,60,0
APP00709,40,Male,29008,127200,706,1,4,Bachelor,No,60,0
APP00710,39,Male,93614,196900,790,2,21,Master,Yes,60,1
APP00711,48,Male,70695,88400,716,2,27,High School,Yes,60,0
APP00712,41,Male,43278,102000,556,1,23,Master,No,60,0
APP00713,50,Female,52883,185200,712,2,22,Bachelor,No,60,0
APP00714,51,Female,30540,220400,766,1,10,High School,Yes,60,0
APP00715,57,Female,37823,70600,664,1,14,PhD,Yes,24,1
APP00716,52,Female,47103,236600,750,4,26,High School,No,60,0
APP00717,41,Female,104286,114700,632,3,23,High School,No,60,0
APP00718,40,Male,44996,363900,576,1,16,Bachelor,Yes,48,0
APP00719,30,Male,80033,148300,690,2,12,Bachelor,No,48,0
APP00720,44,Female,47092,97000,557,0,10,High School,No,36,0
APP00721,26,Male,67082,187700,663,2,8,Bachelor,No,84,0
APP00722,58,Female,56301,108700,770,1,26,Master,No,72,1
APP00723,54,Female,88874,361700,546,4,11,Master,No,60,0
APP00724,25,Female,47166,180100,590,1,7,High School,No,48,0
APP00725,52,Female,29568,165600,608,0,14,Bachelor,No,72,0
APP00726,25,Female,32216,249200,676,0,7,Master,No,60,0
APP00727,49,Female,47229,103600,654,2,6,High School,No,84,0
APP00728,24,Female,34201,88600,778,2,6,High School,No,24,0
APP00729,40,Male,72164,225300,747,0,14,High School,No,12,1
APP00730,47,Male,48655,98300,715,0,11,Bachelor,No,60,1
APP00731,50,Female,174673,98300,690,1,23,High School,No,36,1
APP00732,37,Female,27450,285200,708,1,0,Master,Yes,60,0
APP00733,57,Female,65758,240300,620,3,2,PhD,No,72,0
APP00734,51,Female,36117,90300,740,2,29,High School,No,36,1
APP00735,29,Female,48053,128100,602,0,11,Bachelor,No,60,1
APP00736,47,Female,63942,109500,738,0,17,High School,No,60,1
APP00737,50,Female,21072,478200,763,0,0,High School,No,72,0
APP00738,34,Male,66747,296300,695,1,16,Master,No,60,0
APP00739,50,Male,141267,142800,668,0,13,Bachelor,Yes,36,1
APP00740,56,Male,48925,247100,708,1,18,Master,No,60,0
APP00741,53,Male,67441,85400,480,1,1,Bachelor,No,60,0
APP00742,51,Female,95160,124300,701,0,17,High School,No,72,1
APP00743,46,Male,55733,190700,672,0,17,Bachelor,No,60,1
APP00744,31,Male,46197,230800,676,0,8,High School,No,36,0
APP00745,52,Male,21548,170600,729,0,1,Master,No,72,0
APP00746,35,Female,80061,206300,675,1,17,Bachelor,Yes,60,1
APP00747,42,Female,57021,187900,600,0,21,Bachelor,Yes,36,0
APP00748,33,Male,38040,164500,670,2,15,Bachelor,No,60,0
APP00749,33,Female,63517,152900,685,1,15,Bachelor,No,84,0
APP00750,27,Female,46140,142400,688,2,9,Master,No,60,1
APP00751,59,Female,47302,204500,691,0,4,High School,No,36,0
APP00752,26,Female,78821,225600,753,3,8,High School,No,60,0
APP00753,24,Female,32854,200700,604,1,6,High School,No,36,0
APP00754,58,Male,96124,94100,692,2,8,Bachelor,Yes,60,1
APP00755,43,Female,31989,103900,770,0,25,Bachelor,No,60,1
APP00756,38,Male,44528,224200,559,1,1,High School,No,36,0
APP00757,50,Male,142547,404400,693,1,10,Bachelor,No,48,0
APP00758,36,Female,99649,195700,639,1,10,Bachelor,No,84,0
APP00759,26,Female,62694,143500,654,0,8,High School,No,36,1
APP00760,50,Female,39295,203600,617,1,5,Master,Yes,72,0
APP00761,28,Male,47284,96300,668,0,7,Bachelor,Yes,60,0
APP00762,43,Male,62011,369800,809,1,20,Bachelor,No,60,0
APP00763,58,Male,61022,199500,591,0,8,Bachelor,Yes,36,0
APP00764,58,Female,57596,124600,598,0,27,Bachelor,No,36,0
APP00765,35,Female,59173,164200,589,0,17,Master,No,36,0
APP00766,52,Female,54482,134700,801,2,9,Bachelor,No,60,0
APP00767,45,Female,31358,370300,648,3,17,Bachelor,No,84,0
APP00768,40,Male,47556,161100,678,0,10,Master,No,72,1
APP00769,26,Male,90552,196100,652,2,8,Master,No,12,0
APP00770,36,Male,32414,246800,614,1,18,Master,Yes,36,0
APP00771,47,Male,55094,119800,664,2,9,High School,Yes,36,0
APP00772,60,Male,41490,200200,850,1,4,High School,No,84,0
APP00773,21,Male,63083,209300,777,1,3,Bachelor,No,36,1
APP00774,49,Male,50373,76600,620,3,28,Bachelor,No,36,0
APP00775,54,Female,116649,206800,725,1,8,Bachelor,No,60,1
APP00776,59,Male,75362,175500,622,0,11,Master,No,60,0
APP00777,37,Male,33249,193300,556,0,19,Bachelor,No,36,0
APP00778,25,Male,81158,183600,751,1,3,Bachelor,No,60,0
APP00779,31,Male,42341,207600,761,1,8,Bachelor,No,24,0
APP00780,55,Female,46279,375600,753,0,5,Bachelor,No,12,0
APP00781,56,Male,69101,94100,647,3,28,Bachelor,No,24,1
APP00782,46,Male,48089,149100,668,1,28,Master,No,48,1
APP00783,25,Male,89669,259700,732,1,7,Bachelor,No,84,0
APP00784,25,Female,42344,234500,707,1,7,Master,No,60,0
APP00785,40,Female,45414,231700,652,0,19,Bachelor,Yes,72,0
APP00786,44,Male,44656,800000,567,1,20,Master,No,48,0
APP00787,22,Male,46517,252300,688,1,4,High School,No,60,0
APP00788,48,Male,98394,335300,756,0,4,Master,No,84,1
APP00789,42,Male,79623,152000,596,1,22,Master,Yes,48,0
APP00790,21,Female,129518,104300,725,1,3,Bachelor,No,84,0
APP00791,24,Female,166465,151400,703,1,6,Bachelor,No,60,0
APP00792,39,Female,37733,266300,733,3,21,Master,Yes,72,0
APP00793,49,Male,61932,225100,741,0,1,High School,No,36,0
APP00794,54,Male,35341,224700,631,1,4,Master,No,60,0
APP00795,38,Male,42285,160000,567,0,20,PhD,No,60,0
APP00796,32,Male,45187,146500,643,1,0,Master,No,84,1
APP00797,59,Female,37286,163000,742,0,21,Bachelor,Yes,84,0
APP00798,39,Male,37375,268100,642,0,15,Bachelor,No,48,0
APP00799,33,Male,56228,285800,631,1,10,PhD,No,84,0
APP00800,38,Female,34703,103500,553,1,20,Bachelor,No,72,1
APP00801,21,Male,87646,273800,803,0,3,High School,No,60,1
APP00802,33,Male,39700,125800,738,1,10,High School,No,24,1
APP00803,41,Male,180000,233000,734,2,0,Master,No,36,0
APP00804,57,Male,48971,162000,748,2,3,Bachelor,No,24,0
APP00805,50,Male,61976,425900,720,2,3,High School,No,24,0
APP00806,52,Male,33497,143000,663,2,30,Bachelor,No,84,0
APP00807,42,Male,129294,198600,669,0,18,Master,No,36,0
APP00808,25,Male,99297,251300,650,2,7,Bachelor,No,60,0
APP00809,36,Male,68577,111300,850,2,7,Master,No,60,1
APP00810,60,Female,32730,172900,719,0,26,Master,No,60,0
APP00811,22,Male,65966,155500,648,1,4,PhD,No,36,0
APP00812,56,Female,36223,135700,713,0,23,Master,No,60,1
APP00813,48,Female,115863,141300,609,1,14,Bachelor,No,60,1
APP00814,32,Male,86356,331800,785,0,14,Bachelor,Yes,60,0
APP00815,52,Female,62633,129500,634,1,16,High School,Yes,36,0
APP00816,54,Male,20045,245800,715,5,11,PhD,Yes,60,0
APP00817,22,Male,38544,214000,755,1,4,Bachelor,No,24,0
APP00818,25,Male,81764,83500,707,2,7,Bachelor,No,60,0
APP00819,47,Male,103559,239500,687,0,29,Master,No,60,0
APP00820,60,Male,98837,82700,681,2,22,High School,Yes,36,1
APP00821,21,Male,29310,254300,676,0,3,Master,No,72,0
APP00822,47,Female,68720,136200,640,3,22,High School,No,36,1
APP00823,26,Male,94758,180800,649,0,8,Bachelor,No,84,0
APP00824,47,Female,28448,88300,784,0,29,Bachelor,No,72,1
APP00825,45,Female,59787,192500,672,2,6,Bachelor,No,48,0
APP00826,24,Female,67869,299700,625,1,6,Bachelor,Yes,36,0
APP00827,48,Male,52405,115500,644,1,2,Master,No,36,1
APP00828,56,Female,26072,128900,757,2,9,Bachelor,No,84,0
APP00829,55,Female,51820,231100,727,2,17,Bachelor,No,60,0
APP00830,22,Female,51783,234300,719,0,4,Master,No,12,0
APP00831,30,Male,56132,47200,662,1,12,Master,No,60,0
APP00832,30,Female,46562,545400,720,2,12,High School,No,24,0
APP00833,39,Female,49156,240700,635,2,12,Master,No,60,0
APP00834,26,Male,58937,264100,662,1,8,High School,No,60,1
APP00835,55,Male,73219,166300,748,2,18,Bachelor,No,24,1
APP00836,52,Male,52319,64900,741,1,24,Bachelor,No,72,1
APP00837,53,Female,49899,260900,611,2,8,Master,No,36,0
APP00838,28,Male,62546,131900,620,1,10,High School,No,60,0
APP00839,21,Male,25278,242800,688,0,3,High School,Yes,60,0
APP00840,57,Female,74367,159600,801,0,0,Master,No,84,1
APP00841,32,Male,59985,205200,546,0,14,High School,No,60,0
APP00842,47,Male,61081,117500,699,2,17,Bachelor,No,84,0
APP00843,57,Female,92451,289600,584,1,7,Master,No,48,0
APP00844,22,Female,24918,93600,636,1,4,Bachelor,No,72,0
APP00845,21,Female,24683,618900,654,1,3,High School,No,36,0
APP00846,21,Female,67867,616400,651,1,3,Bachelor,Yes,60,0
APP00847,27,Male,59808,441800,643,2,1,PhD,Yes,24,0
APP00848,23,Female,64775,363000,681,0,5,Bachelor,No,84,0
APP00849,53,Female,48735,171800,643,2,5,High School,No,84,0
APP00850,45,Male,80907,341900,578,0,17,High School,Yes,60,0
APP00851,60,Male,91289,170700,735,0,15,Bachelor,No,60,0
APP00852,53,Male,74600,76600,733,2,14,PhD,No,60,1
APP00853,59,Male,53355,411500,739,2,30,Bachelor,No,36,0
APP00854,30,Male,23240,334900,572,0,12,High School,No,60,0
APP00855,32,Male,84817,176900,701,0,12,Bachelor,No,60,1
APP00856,54,Female,103972,91800,727,1,2,High School,Yes,60,1
APP00857,30,Male,80190,130400,608,1,8,Bachelor,Yes,36,0
APP00858,23,Female,40387,66100,681,2,5,PhD,Yes,84,1
APP00859,47,Female,81252,302700,672,1,14,Master,No,24,0
APP00860,53,Female,88374,74500,809,1,28,High School,Yes,60,0
APP00861,59,Female,121003,210800,815,1,16,Bachelor,No,24,1
APP00862,58,Male,40451,113200,563,2,16,High School,No,36,0
APP00863,25,Female,54187,82100,850,2,7,High School,No,12,0
APP00864,51,Male,83983,205200,616,1,17,Bachelor,No,48,0
APP00865,54,Female,61570,149800,749,1,2,Bachelor,Yes,60,0
APP00866,48,Male,36290,285400,748,0,1,Master,No,60,0
APP00867,53,Male,72307,89600,610,1,14,Master,No,60,1
APP00868,54,Female,77847,118700,715,2,18,High School,No,60,0
APP00869,38,Male,62423,48400,672,3,17,Master,No,36,0
APP00870,22,Female,66232,54100,719,0,4,Bachelor,No,24,0
APP00871,39,Male,53406,483900,696,0,9,Bachelor,No,60,0
APP00872,29,Male,116696,566200,764,4,11,Master,No,60,0
APP00873,25,Female,40006,189400,685,1,7,High School,No,60,0
APP00874,25,Female,46065,114400,668,0,1,Bachelor,Yes,36,0
APP00875,48,Male,60297,152800,757,1,14,Master,Yes,72,0
APP00876,41,Male,89110,291000,721,2,22,Bachelor,Yes,24,0
APP00877,42,Male,30586,135600,731,3,24,Master,No,60,1
APP00878,50,Female,33272,205100,633,1,8,High School,No,24,0
APP00879,42,Female,23984,178700,607,0,24,Master,No,60,0
APP00880,46,Male,60889,131600,640,2,20,High School,No,48,0
APP00881,24,Male,36274,134800,637,0,6,High School,No,60,0
APP00882,55,Male,50466,211500,735,2,19,Bachelor,No,24,0
APP00883,38,Male,80799,105200,748,3,20,Master,No,60,0
APP00884,27,Female,44954,230800,669,1,7,High School,No,36,0
APP00885,53,Female,66581,138900,780,1,4,Master,No,60,1
APP00886,50,Male,52439,193100,776,1,13,High School,No,24,0
APP00887,23,Female,81190,385300,697,1,2,Bachelor,No,24,0
APP00888,28,Male,74303,164100,622,3,10,Bachelor,No,60,0
APP00889,21,Male,43947,298500,790,3,3,High School,Yes,24,0
APP00890,31,Male,55615,67200,676,0,13,Master,No,36,1
APP00891,24,Male,95969,139000,689,1,6,Bachelor,No,72,0
APP00892,49,Male,71619,182800,656,1,2,Bachelor,No,72,0
APP00893,41,Female,31999,518400,618,0,19,Bachelor,Yes,72,0
APP00894,60,Female,80590,61300,577,1,13,Bachelor,No,48,0
APP00895,50,Male,36828,170700,724,1,8,Bachelor,No,60,1
APP00896,45,Female,113293,401100,625,0,9,Master,No,72,0
APP00897,41,Female,95125,116900,850,0,16,Bachelor,No,36,1
APP00898,23,Female,68360,160100,604,1,5,Bachelor,No,60,0
APP00899,23,Female,64399,216000,592,0,5,Bachelor,Yes,24,0
APP00900,45,Male,54613,199200,716,0,19,Bachelor,No,84,1
APP00901,21,Female,81425,425900,787,1,3,Bachelor,Yes,60,0
APP00902,22,Female,50780,230400,685,0,0,Bachelor,No,60,0
APP00903,29,Female,66710,373600,720,2,11,Bachelor,No,60,0
APP00904,56,Male,88829,147700,551,1,18,Master,Yes,36,0
APP00905,39,Male,46597,119800,633,1,10,PhD,Yes,48,0
APP00906,49,Male,45470,159000,605,1,22,PhD,No,60,0
APP00907,37,Male,35054,95100,547,3,19,Master,No,60,0
APP00908,27,Male,37164,234800,688,1,9,Bachelor,No,60,0
APP00909,35,Male,26353,145600,523,1,2,Master,Yes,36,0
APP00910,24,Female,83327,124400,587,1,1,High School,No,60,1
APP00911,51,Male,135417,236800,642,1,19,Bachelor,No,48,1
APP00912,28,Female,113948,96000,622,0,9,Bachelor,No,36,0
APP00913,36,Male,28864,275000,708,2,7,High School,Yes,84,0
APP00914,60,Female,83140,138400,701,1,13,PhD,No,60,1
APP00915,44,Male,113783,340500,743,0,22,Master,No,60,0
APP00916,39,Female,48851,145000,733,1,5,Bachelor,No,84,1
APP00917,42,Male,62803,254800,760,1,24,Bachelor,No,48,1
APP00918,52,Male,24308,198700,680,2,13,Bachelor,No,84,0
APP00919,31,Male,67652,271000,701,0,4,Bachelor,No,60,0
APP00920,46,Female,37179,191200,716,2,2,Master,No,60,0
APP00921,55,Male,65640,72100,690,1,26,PhD,No,36,1
APP00922,43,Female,29719,313500,652,0,3,Bachelor,No,24,0
APP00923,38,Female,76603,171500,657,1,12,High School,No,60,0
APP00924,26,Male,95142,277900,623,1,8,Bachelor,No,12,0
APP00925,30,Male,42179,263100,710,0,12,High School,No,24,0
APP00926,58,Male,35972,117600,673,1,8,Bachelor,No,60,1
APP00927,42,Male,22740,108800,634,1,3,High School,No,60,0
APP00928,33,Male,53221,258100,634,4,15,High School,No,36,0
APP00929,37,Male,46184,152300,595,1,15,Bachelor,No,72,0
APP00930,44,Female,29856,301300,749,1,1,High School,No,84,0
APP00931,42,Male,73567,163200,686,0,5,Master,No,72,1
APP00932,48,Male,49002,316000,620,0,17,High School,No,72,0
APP00933,31,Female,36976,227200,737,1,5,Master,No,60,0
APP00934,46,Female,46749,210900,641,2,12,High School,Yes,36,0
APP00935,38,Male,97167,146500,582,1,3,High School,No,48,0
APP00936,58,Male,78702,204500,751,2,24,High School,No,84,0
APP00937,27,Male,56590,346900,642,0,9,Master,No,60,0
APP00938,26,Female,79277,174700,651,1,8,Bachelor,No,72,0
APP00939,39,Female,35585,241100,683,0,1,Bachelor,No,84,0
APP00940,41,Male,60880,184600,760,1,11,High School,No,36,1
APP00941,48,Male,64113,192800,681,1,8,PhD,No,48,0
APP00942,37,Male,48566,464400,596,1,19,High School,No,60,0
APP00943,57,Female,72988,348600,718,1,25,Bachelor,No,12,0
APP00944,39,Male,42231,188000,646,0,7,Master,No,60,1
APP00945,26,Male,75472,202500,812,1,8,High School,No,72,0
APP00946,25,Male,76913,122400,680,2,7,Bachelor,No,60,0
APP00947,59,Male,18000,163700,524,0,25,Master,No,36,0
APP00948,26,Female,102512,213400,705,0,2,Bachelor,No,60,1
APP00949,58,Male,18000,287400,816,0,30,High School,Yes,36,0
APP00950,32,Male,45473,271800,790,1,13,Bachelor,Yes,72,0
APP00951,24,Female,95178,97800,808,2,6,High School,No,24,0
APP00952,33,Female,52017,308100,609,1,5,Master,Yes,72,0
APP00953,45,Male,31018,171400,744,1,27,Bachelor,No,60,0
APP00954,38,Male,36677,104600,629,1,20,Bachelor,No,48,0
APP00955,52,Female,95245,375400,696,2,4,High School,Yes,60,0
APP00956,45,Male,25271,402500,591,1,13,Bachelor,No,36,0
APP00957,37,Female,99722,208100,635,1,19,Bachelor,No,60,0
APP00958,46,Female,58531,265800,633,0,18,High School,No,72,0
APP00959,59,Female,35085,274500,743,1,5,Master,No,72,0
APP00960,37,Male,46152,387900,736,0,11,Bachelor,No,36,0
APP00961,27,Female,37962,268600,699,3,9,Master,Yes,60,0
APP00962,37,Female,88601,86700,585,1,8,Bachelor,Yes,72,0
APP00963,54,Male,83424,543700,658,2,29,High School,No,72,0
APP00964,29,Female,27680,323500,628,2,6,Master,No,48,0
APP00965,58,Female,50035,136000,741,4,21,Master,No,12,1
APP00966,44,Female,40687,102200,762,0,26,Bachelor,No,84,1
APP00967,45,Male,107385,237600,754,0,24,High School,Yes,48,1
APP00968,33,Male,32681,154500,627,2,15,Master,No,48,0
APP00969,57,Female,123501,215800,488,0,4,High School,No,72,0
APP00970,22,Male,59108,270900,556,0,4,Bachelor,No,36,1
APP00971,32,Female,35569,131800,780,2,14,Bachelor,No,72,1
APP00972,37,Female,44237,97400,652,3,19,High School,No,24,0
APP00973,40,Female,41830,222600,627,3,22,High School,Yes,72,0
APP00974,39,Male,33810,134200,795,2,12,High School,No,84,0
APP00975,26,Female,62616,195100,769,1,8,Master,No,84,0
APP00976,30,Male,34528,86000,682,1,0,Bachelor,No,84,0
APP00977,24,Female,22492,156700,659,1,6,Bachelor,No,72,0
APP00978,43,Male,50577,266700,671,2,16,PhD,No,36,0
APP00979,35,Male,26657,251200,696,0,3,Bachelor,No,84,0
APP00980,43,Female,42772,116700,792,0,4,Bachelor,Yes,84,1
APP00981,44,Female,39855,94700,710,2,1,Bachelor,No,60,0
APP00982,49,Female,40540,181600,731,0,6,Bachelor,No,48,1
APP00983,42,Male,147640,245100,762,0,24,Bachelor,No,24,1
APP00984,46,Female,61543,224900,598,0,21,PhD,No,60,0
APP00985,44,Female,67005,135800,733,2,26,Master,Yes,60,0
APP00986,47,Female,26976,212000,659,1,7,Bachelor,No,48,0
APP00987,45,Female,44704,411300,504,1,18,Bachelor,No,48,0
APP00988,33,Male,66104,201500,531,3,15,Master,No,60,0
APP00989,30,Male,37838,73300,609,1,10,High School,No,12,1
APP00990,52,Female,90285,201300,717,1,20,Master,No,84,0
APP00991,34,Female,34922,554000,688,0,16,Bachelor,Yes,36,0
APP00992,42,Male,52746,88700,693,0,24,Master,No,36,1
APP00993,28,Male,46091,183000,817,1,10,Master,No,12,0
APP00994,38,Female,64605,158900,591,1,19,Bachelor,No,72,1
APP00995,42,Female,44976,189700,678,2,18,High School,No,72,0
APP00996,46,Male,53114,200300,701,1,26,Master,No,24,0
APP00997,42,Female,53952,337000,628,1,21,Bachelor,No,36,0
APP00998,35,Female,43115,188600,682,1,11,Bachelor,Yes,60,0
APP00999,59,Male,74637,363400,568,1,19,Bachelor,No,36,0
APP01000,41,Male,66794,168700,779,2,17,Bachelor,No,72,1
